rank,id,severity,title,owner,file,line,trigger,smallest_fix,regression_check,dependency_and_coordination,evidence,status
1,RVA-10-001,P2,Native provider results can publish after the server identity or active workspace has changed,A: Native and domain,apps/ios/Reva/State/AppStore+AI.swift,17,"Start native summarizeWithAI, then edit the server token/URL in Settings before the response arrives. The source ID/text/version can remain unchanged, so the result from the previous identity is saved. More seriously, a pending live-call status result can arrive after a pull replaces the workspace with a snapshot containing the same booking ID.",Reuse the connection-generation guard and a workspace replacement generation in all provider mutation methods; preserve allowed unrelated edits via existing field/signature guards. Treat stale success and stale error paths consistently. Preserve the already-submitted call receipt and require polling under the original owner.,"Controlled ProviderClient double suspends summary/status, changes connectionToken or replaces snapshot while suspended, then returns old response; assert no old summary/transcript/status/notices are written. Repeat switch-away-and-back. Separate unchanged-identity control must still save.",A owns shared AppStore integration. Land connection guards before adjacent startup/order edits; preserve source/version protections.,"Source proof: AppStore+AI.swift:12-29,37-81; AppStore.swift:25-49; Features/Shared/SettingsView.swift:22-28,68-75,107-110; AppStore+LiveCalls.swift:20-43,53-59. Refutation: isProviderBusy prevents another provider command, not connection edits or sync/reset. Existing generation checks in AppStore+Providers/+Sync do not wrap these independent methods. Runtime reproduction requested from coordinator; no live request was made. | Independent validation: Frozen apps/ios/Reva/State/AppStore+AI.swift:12-30,34-86; AppStore.swift:25-49; AppStore+LiveCalls.swift:11-61; Features/Shared/SettingsView.swift:22-26,75,107-109. Coordinator evidence/codex-takeover/provider-context-repro.txt: Compiler exit 0, Run exit 0 and both named REPRODUCED observations; ProviderContextRepro.swift; run-provider-context-repro.py; provider-context-production-hashes.json. Trigger: connection switch, then optional workspace replacement retaining the target stable ID, during await.",confirmed
2,RVA-02-002,P2,"1800-character excerpt cut can split a value, unit or negation with no marker",A: Native and domain,apps/ios/Reva/Core/ReportEngine.swift,15,A record page whose first 24 non-blank content lines join to more than 1800 characters (e.g. an OCR'd lab table of 24 lines x ~80 chars). localExcerpt (line 15) is stored as the summary after each text edit (RecordEditorView.swift:65-67) and is the report quotation for pages without a focus hit; relevantExcerpt applies the same cut at line 165.,"Bound excerpts at a complete line or safe token boundary. Disclose truncation outside the exact quoted-source field, preserving exact substring citations and full original text. Apply equivalent native/browser rules.","Exercise numeric value, unit, dose, negation and Unicode boundaries at the cap. Verify the quoted field is an exact complete source span and omission is visibly disclosed separately. Include the saved 100 mg-to-10 reproduction.",A owns native ReportEngine; coordinate equivalent browser domain change with B and preserve signature goldens. Serialize changes to the same domain file.,"sed -n '14,16p;161,165p' apps/ios/Reva/Core/ReportEngine.swift; scratchpad port_check.out section 5 (seed max 888); ER-02-02 item 4 requests the Swift demonstration. | Independent validation: Core/ReportEngine.swift:14-15,161-165; browser core/domain.ts:60-61,145-161; evidence/codex-takeover/ProviderContextRepro.swift:110-114; evidence/codex-takeover/provider-context-repro.txt:1,7,15 (compiler/run exit 0; production Swift boundary reproduced).",confirmed
3,RVA-02-005,P2,Fixture-wrapper stripping is applied to every user document,A: Native and domain,apps/ios/Reva/Core/ReportEngine.swift,21,"A real uploaded document whose first 10 non-blank lines contain a line starting 'Source date:' or 'Week ending:', or any line starting 'Invented for Reva software demonstration.'.","Restrict fixture-wrapper removal to explicitly synthetic, recognized fixtures, or move fixture metadata outside source text. Preserve all ordinary uploaded content; do not infer demo provenance from a Source date header.",Unit test: non-demo record starting 'Source date: 2026-09-01\nPotassium 4.1 mmol/L' keeps both lines in localExcerpt.,A owns native ReportEngine; coordinate equivalent browser domain change with B and preserve signature goldens. Serialize changes to the same domain file.,"sed -n '17,30p' apps/ios/Reva/Core/ReportEngine.swift; sed -n '40p' apps/ios/Reva/Core/Models.swift. | Independent validation: Core/ReportEngine.swift:17-29; browser core/domain.ts:45-61; no isDemo input at either boundary; evidence/codex-takeover/ProviderContextRepro.swift:115-118; evidence/codex-takeover/provider-context-repro.txt:1,7,16 (compiler/run exit 0; production Swift header omission reproduced).",confirmed
4,RVA-05-004,P2,Native mixed PDF pages can skip raster text when a short embedded header passes the OCR threshold,A: Native and domain,apps/ios/Reva/Device/DocumentImportService.swift,257,"Import a scanned PDF whose pages are images plus a small embedded text line of >= 20 characters (fax header 'Received 2026-09-12 14:03 Page 1/4', scanner date stamp, or a 'CONFIDENTIAL' footer).",Detect incomplete embedded-text coverage or raster content and run bounded OCR on affected pages. Preserve page provenance and require review when completeness cannot be established. Merely increasing the character threshold is insufficient.,Harness PDF: page with a full-size text image plus a 30-character embedded header; assert pageTexts[0] contains the image text and the OCR review warning is present.,Independent focused commit in assigned owner's worktree; rebase before review.,"Source: DocumentImportService.swift:256-278 (sed -n verified). Refutation attempt: checked whether any later step compares embedded-text density to page area or adds a warning; none (limitedText and the empty-text warnings only trigger on empty results). | Independent validation: Device/DocumentImportService.swift:256-278; browser counterpart is RVA-07-001 (validated independently by19, not this reviewer's own finding).",confirmed
5,RVA-07-001,P2,Mixed PDF pages with a text header skip OCR of their scanned medical content without an incomplete warning,B: Browser and accessibility,apps/web/src/features/records/extractDocument.ts,289,Import a one-page PDF containing at least 35 nonwhitespace embedded header characters and a raster image containing the substantive medical findings. The page is within all size/time bounds and PDF.js reads the header successfully.,"Detect raster content or uncertain embedded-text coverage, OCR affected pages within existing budgets, and surface a page warning when completeness is uncertain. Preserve the original and avoid duplicate merged text. Do not rely on a larger character threshold alone.",Synthetic one-page PDF with a >35-character text header plus a raster line containing a unique medical token: require the token to be extracted or incomplete=true with a clear warning; verify an ordinary text PDF still preserves exact page mapping and the original bytes.,Independent focused commit in assigned owner's worktree; rebase before review.,"Source proof: extractDocument.ts:279-289 reads embedded text and selects OCR solely by character count; 297-302 is the sole PDF raster/OCR branch; 308-311 only marks an empty page incomplete; 362-372 only warn on empty overall text or usedOCR. ImportDialog.tsx:141-143 and 298-307 permit ready status when incomplete=false and reviewed=true. Parallel native threshold issue exists as RVA-05-004. Synthetic mixed-PDF execution requested from coordinator; no runtime reproduction claimed in this report. | Independent validation: Frozen apps/web/src/features/records/extractDocument.ts:279-311,362-372; apps/web/src/features/records/ImportDialog.tsx:142. Trigger: embedded header >=35 characters plus raster medical body. Impact: source text and later retrieval omit the raster facts.",confirmed
6,RVA-05-001,P2,Visit-notes editor saves a stale whole VisitRecording and can erase a transcript that arrived while the sheet was open,A: Native and domain,apps/ios/Reva/Features/Visits/RecordingNotesEditor.swift,26,"On RecordingDetailView, tap 'Transcribe saved audio' (async, isProviderBusy does not disable 'Edit visit notes'), then open 'Edit visit notes' while transcription runs. Transcription completes and AppStore.transcribeRecording saves segments/transcriptionModel/status='transcribed' (AppStore+Transcription.swift:36-39). Tap Save in the notes sheet.","Save notes through a field-targeted mutation, e.g. AppStore.updateRecordingNotes(id:summary:) that mutates only data.recordings[i].summary inside mutate; RecordingNotesEditor keeps only the recording ID plus a String draft. Optionally also disable 'Edit visit notes' while isProviderBusy.","Isolated macOS AppStore harness (pattern in docs/task-specs/transcript-correction.md): create recording R with no segments; capture a notes draft; save R with two segments and transcriptionModel; apply the notes save with the stale draft; assert R.segments.count == 2, transcriptionModel unchanged, summary == draft notes.",Independent focused commit in assigned owner's worktree; rebase before review.,"Source: RecordingNotesEditor.swift:15,26 (sed -n verified); AppStore+Recordings.swift:11-19 whole-object replace; RecordingDetailView.swift:74-80 (transcribe Task) and :127-128 ('Edit visit notes' not disabled during isProviderBusy) and :140-142 (sheet content re-evaluated but @State initial value is not reapplied); AppStore+Transcription.swift:18-20 shows the transcription path itself re-reads 'latest' before saving, i.e. the store already models this overlap as possible. Refutation attempt: checked whether SwiftUI recreates the editor state when the parent's 'recording' changes; State(initialValue:) applies only on first identity creation, so the draft stays stale. Contrast: TranscriptTextEditor + saveMemory guard Set(ids) == Set(keys) and reject a changed transcript (AppStore+Recordings.swift:49-55); the notes path has no equivalent guard. | Independent validation: RecordingNotesEditor.swift:15,19-26; State/AppStore+Recordings.swift:11-18; RecordingDetailView transcribe and note-edit controls; AppStore+Transcription latest publication.",confirmed
7,RVA-04-005,P2,Native record editor can replace a newly saved AI summary with its stale draft,A: Native and domain,apps/ios/Reva/Features/Records/RecordEditorView.swift,62,"Open a record editor, let a summary request finish for that unchanged record, then save only a notes/title edit from the open form.",At save time load the current record and apply only form-owned fields. Preserve its current summary/model unless source text actually changed. Reject conflicting source edits explicitly.,Keep an editor draft open while a provider summary arrives; save a notes-only edit and assert the latest summary/model survive. Separately check changed source text invalidates summary/page mapping deliberately.,Independent focused commit in assigned owner's worktree; rebase before review.,"VisitEditorView.swift:99-117; RecordEditorView.swift:15-22,61-75; AppStore+AI.swift:17-28,74-81; ReportEditorView.swift:37 (correct rebasing pattern). Refutation attempt: confirmed no `store.visit(existing.id)`/`store.record(original.id)` rebase in either save(), and that AppStore.save(visit)/save(record) replace the whole element (AppStore+Visits.swift:16-20, AppStore+Records.swift:25). | Independent validation: RecordEditorView.swift:15-22,61-75; State/AppStore+Records.swift:11-25; AppStore+AI.swift:17-28; VisitEditorView.swift:15,100-117; VisitDetailView.swift:152.",confirmed
8,RVA-08-001,P2,Questions-and-notes editor compares against live props and can erase questions generated after it opened,B: Browser and accessibility,apps/web/src/features/visits/VisitBrief.tsx,221,"On a visit with no report and empty questions, start preparation and open Add questions & notes before the asynchronous preparation completes. Leave its questions field untouched, edit notes, let preparation publish suggested questions and rerender the still-open editor, then save.","Capture an immutable notes/questions baseline on mount and merge only user-edited fields at the serialized mutation boundary, following applyVisitEditorValues. Reject genuinely competing edits; preserve generated questions when their local form field was untouched.","Render the real notes editor with empty questions, edit only notes, rerender it after same-store preparation publishes questions, submit, and assert the generated questions and new notes both survive. A competing user edit to an edited field must reject without partial writes.",Independent focused commit in assigned owner's worktree; rebase before review.,"Source proof: VisitBrief.tsx:99 permits asynchronous preparation, 196-201 leaves Add questions & notes available while it is running and passes live visit props; BriefNotesEditor 207-210 captures local form values but no original baseline; 218-235 uses current props to compare and writes both fields. store.ts:304-316 can publish questions on first preparation. VisitEditor/applyVisitEditorValues uses a stable baseline and changed-field merge instead (visitEdits.ts:64-87), proving a narrowly reusable fix exists. DOM-level reproduction requested from coordinator; no reproduction claimed here. | Independent validation: Frozen apps/web/src/features/visits/VisitBrief.tsx:99,196-201,207-235; apps/web/src/core/store.ts:304-316; apps/web/src/core/visitEdits.ts:64-87 provides the separate stable-baseline merge pattern. Trigger: open Add questions & notes during first asynchronous preparation, edit notes only, let preparation finish, save.",confirmed
9,RVA-03-001,P2,Startup repair save failure hides a valid loaded snapshot and offers only an unconfirmed demo reset,A: Native and domain,apps/ios/Reva/State/AppStore.swift,86,"LocalRepository.load() succeeds and the loaded snapshot contains the legacy demo title on demo-record-symptom-diary or a non-live booking in queued/calling status; the repair write in AppStore.init (save(sample) at line 70 or mutate at line 75) then fails, e.g. device storage full so state.backup.json/state.json cannot be written.","Move the two repair mutations out of the load do/catch into their own do/catch that sets errorMessage or notice, reserving startupError for load failures; wrap the RootView reset button in the same confirmation dialog Settings uses.","OptimizationChecks-style check: save a fixture with a queued non-live booking to a temp LocalRepository, make state.backup.json a directory, construct AppStore(repository:), assert startupError == nil, snapshot != nil, errorMessage/notice set, and the booking still reads queued.",A owns shared AppStore integration. Land connection guards before adjacent startup/order edits; preserve source/version protections.,"Source proof: AppStore.swift:58-86 (repair mutations 65-82 inside the load do/catch), AppStore.swift:111-116 (mutate throws from repository.save before publishing), RootView.swift:21-29, AppStore.swift:138. Refutation attempts: line 60 runs before either repair so snapshot is non-nil; grep over apps/ios shows startupError is cleared only by resetDemo; RootView gates on nothing else; demo/seed.json already has the new title so the rename repair affects only older installs, but the booking repair applies to any interrupted simulation. Not reproduced at runtime; see evidence request ER-03-5 in reports/track-03.md. | Independent validation: AppStore.swift:59-86,111-115,130-138; Features/Shared/RootView.swift:21-29. evidence/codex-takeover/provider-context-repro.txt (compiler exit0, run exit0); evidence/codex-takeover/ProviderContextRepro.swift:73-108 uses production ReportEngine/AppStore/LocalRepository with synthetic data and a controlled transport double.",confirmed
10,RVA-05-008,P2,"After a successful finish(), a failed metadata save orphans the finalised audio with no retry path",A: Native and domain,apps/ios/Reva/Features/Visits/RecordingSessionView.swift,103,"recorder.finish() succeeds (ownership of the .m4a transfers to the caller, AudioServices.swift:217-223) and store.save(recording) then throws (repository write failure, or snapshot validation such as the visit no longer existing).",Keep the finished URL in view state when save fails and render a 'Retry saving recording' button that re-runs only store.save(recording) with the same VisitRecording value.,"Harness with a failing repository double: finish then save failure, then retry succeeds and the VisitRecording references the same audioFilename.",Independent focused commit in assigned owner's worktree; rebase before review.,"Source: RecordingSessionView.swift:97-106 (sed -n verified), 47-63; AudioServices.swift:217-223. | Independent validation: RecordingSessionView.swift:47-63,97-105; Device/AudioServices.swift:217-223; AppStore.perform catches without retaining a pending recording model.",confirmed
11,RVA-05-002,P2,A failed finish() leaves the recorder in a dead-end paused state whose only guidance is contradictory,A: Native and domain,apps/ios/Reva/Device/AudioServices.swift,210,"finish() throws after stopping the recorder: verification fails because the file is empty/shorter than 0.1 s (Start then Finish within ~100 ms, or an input that produced no encoded frames), or AVAudioPlayer(contentsOf:) rejects a file left unfinalised after mediaServicesWereReset/encode error (both paths already set reachedEnd = true and tell the user to 'Save what was captured').","In finish()'s catch, transition to an explicit terminal state (e.g. a 'finishFailed' flag) and have resume() report 'This recording could not be finalised; discard it and start a new recording'; change the emptyRecording text to match (do not promise 'record a little longer'). Alternatively perform verification before setting reachedEnd and only mark terminal when the stop actually happened.","Unit-style harness on AudioRecorder with an injected empty draft: after finish() throws, assert resume() publishes the finalisation message (not the one-hour text) and that cancel() returns to the ready state; UI check that the session screen offers a discard/restart action.",Independent focused commit in assigned owner's worktree; rebase before review.,"Source lines verified with sed -n: AudioServices.swift:26 (emptyRecording text), :176-182 (resume guard and one-hour text), :202-228 (finish state changes before verification, catch does not reset state), :111 (start busy guard). RecordingSessionView.swift:42-46 renders Resume/Finish while isRecording. Refutation attempt: looked for any path that clears reachedEnd or recorder after a failed finish; only cancel()/cleanUpDraft() do (lines 232-253), which delete the draft. | Independent validation: Device/AudioServices.swift:176-182,202-227,232-252; RecordingSessionView.swift:42-46,77-89.",confirmed
12,RVA-04-001,P2,"Native visit ordering compares raw ISO strings, so offset-formatted seed visits and Z-formatted user visits misorder; Summary can show the wrong next visit",A: Native and domain,apps/ios/Reva/State/AppStore.swift,98,"With the bundled demo loaded (seed visit 'demo-visit-primary-20260915' stored as '2026-09-15T09:00:00-05:00' = 14:00Z, apps/ios/Reva/Resources/seed.json:286), add a visit via VisitEditorView for 2026-09-15 08:00 America/Chicago (stored by RevaDate.iso as '2026-09-15T13:00:00Z', VisitEditorView.swift:109, Models.swift:217). Open Summary and the Visits tab.","Sort by `RevaDate.parse($0.date) < RevaDate.parse($1.date)` (tie-break on id), matching the records sort in the same file; optionally normalize visit.date to RevaDate.iso on load or in the seed.",Unit test in RevaCoreTests (or a new AppStore test target) constructing visits with '2026-09-15T09:00:00-05:00' and '2026-09-15T13:00:00Z' and asserting the Z visit sorts first; snapshot-level check that Summary next visit equals min-by-instant upcoming visit.,A owns shared AppStore integration. Land connection guards before adjacent startup/order edits; preserve source/version protections.,"Source: AppStore.swift:98 string sort; seed.json:286,306,326 use '-05:00' offsets; VisitEditorView.swift:109 writes RevaDate.iso(date); Models.swift:217 ISO8601DateFormatter().string(from:) emits 'Z' UTC. Refutation attempt: checked whether AppStore.init or AppSnapshot.validate normalizes visit dates on load (they do not; AppStore.swift:54-87, Models.swift:169-186) and whether the editor rewrites untouched seed visits (only when a seed visit is edited and saved). Browser parity: apps/web/src/features/visits/VisitsPage.tsx:28-35 sorts by parsed epoch, so the browser orders the same data correctly. Runtime unverified (no simulator permitted); a pure-Swift string-comparison demonstration is requested as ER-04-03. | Independent validation: State/AppStore.swift:98; Features/Shared/SummaryView.swift:20; VisitsView.swift:17-34; RevaDate.iso; seed dates. evidence/codex-takeover/provider-context-repro.txt (compiler exit0, run exit0); evidence/codex-takeover/ProviderContextRepro.swift:73-108 uses production ReportEngine/AppStore/LocalRepository with synthetic data and a controlled transport double.",confirmed
13,RVA-16-001,P2,Vercel setup guide specifies conflicting project roots with different deployment configurations,C: Server and release integration,apps/web/README.md,52,"Configure the Vercel project using the browser README during landing-route integration: line 34 specifies repository root, but line 52 specifies apps/web.","Choose and document one Vercel root; preserve its complete build/output/security configuration and explicitly reconcile the new pathname routes. With repository root retained, move intended route rules into the active root configuration and remove contradictory nested-root guidance. Review /app and external API CSP only against the eventual account delta.","From a clean checkout execute the active configuration build with sibling fixtures available; validate /, /demo, /login, /signup and their refreshes under a Vercel-equivalent preview, verify security headers and that missing /v1 or OCR assets are not HTML fallbacks. Validate /app once implemented. Hosted confirmation remains a separate authorized deployment check.",C owns deployment/build contract. Review against a completed account checkpoint before hosting verification; do not sweep concurrent WIP into this repair.,"Precise source: apps/web/README.md:34,52; vercel.json:3-19; apps/web/vercel.json:3-8; apps/web/scripts/prepare-assets.mjs:18; docs/deployment-vercel.md:11-20. Supervisor Addendum 1 explicitly identifies this captured-WIP integration conflict. Runner r1-09-web-build.log and r1-08-serve-test.log validate local build/wrapper, not Vercel root selection or hosted rewrites. | Independent validation: apps/web/README.md:34,52; root vercel.json and apps/web/vercel.json; prepare-assets.mjs:18; docs/deployment-vercel.md:11-20.",confirmed
14,RVA-14-001,P2,Tablet navigation hides its only accessible link names,B: Browser and accessibility,apps/web/src/styles/layout.css,329,"Open the demo at a viewport between 761 and 979 CSS pixels wide, then navigate the desktop icon rail using a screen reader or inspect its accessibility tree.","Add stable aria-label values to the navigation and symptom/settings anchors, or keep their text visually hidden with a screen-reader-visible technique rather than display:none. Optional tooltips can help sighted users without replacing accessible names.",At 768 CSS pixels assert the accessibility-tree link names for all six rail actions and keyboard activation destinations; recheck 375 and 1440 to avoid duplicate or missing names.,Independent focused commit in assigned owner's worktree; rebase before review.,Source proof: apps/web/src/styles/layout.css:317-337 and App.tsx:108-135. Saved screenshot evidence/ui/demo-profile-768.png visibly shows the icon-only rail; matching DOM confirms the anchors have no explicit names. r2-ui-matrix.jsonl uses DOM text content for its label inventory and does not establish computed accessible names. Codex requested a bounded accessibility-tree confirmation from the coordinator; no new UI run is claimed here. | Independent validation: styles/layout.css:317-337; App.tsx:108-135; saved768 DOM contains unnamed anchors plus hidden spans; no accessibility-tree execution by validator.,confirmed
15,RVA-02-004,P3,Generic goal words become relevance terms and the fixture trailer is indexed,A: Native and domain,apps/ios/Reva/Core/ReportEngine.swift,72,"Completed seed visit demo-visit-primary-20260908 (concern 'Discuss patient-reported brief palpitations and nausea.', goal 'Review existing source documents and organize unresolved questions before the follow-up visit.').","Extend the stop list with document-generic words (patient, reported, documents, existing, organize, unresolved) and build the index from contentLines(record.text) so the fixture trailer is not indexed; add an expected-evidence scenario for the completed visit.",FixtureEvidenceTests scenario for demo-visit-primary-20260908 with mustExclude demo-record-ear-infection passes.,A owns native ReportEngine; coordinate equivalent browser domain change with B and preserve signature goldens. Serialize changes to the same domain file.,"sed -n '68,72p;77,79p' apps/ios/Reva/Core/ReportEngine.swift; port_check.out section 2 (ear-infection 30 via documents/patient/reported); ER-02-02 item 2 requests Swift confirmation. | Independent validation: Core/ReportEngine.swift:68-85; browser core/domain.ts:113-134; seed completed visit goal and ear-record text. Original source review records term intersection; no fresh clinical relevance benchmark claimed.",confirmed
16,RVA-02-006,P3,RevaDate.display(time: false) renders the UTC calendar day of instants,A: Native and domain,apps/ios/Reva/Core/Models.swift,230,A report generated at 21:30 America/Chicago on 2026-09-11 has createdAt = 2026-09-12T02:30:00Z; ReportView.swift:27 shows RevaDate.display(report.createdAt); RecordingDetailView.swift:27 does the same for recording.createdAt.,Callers that display instants pass time: true (or add a dayOfInstant(zone:) variant); mirror in the browser formatDate callers.,"Unit test: RevaDate.display('2026-09-12T02:30:00Z', time: true, zone: 'America/Chicago') contains 'Sep 11'.",A owns native ReportEngine; coordinate equivalent browser domain change with B and preserve signature goldens. Serialize changes to the same domain file.,"sed -n '203p;225,231p' apps/ios/Reva/Core/Models.swift; sed -n '27p' apps/ios/Reva/Features/Preparation/ReportView.swift; sed -n '27p' apps/ios/Reva/Features/Visits/RecordingDetailView.swift; sed -n '28p' apps/web/src/core/domain.ts. | Independent validation: Core/Models.swift:225-231; Features/Preparation/ReportView.swift:27; browser core/domain.ts:21-29 has the same rule but browser report header passes withTime=true.",confirmed
17,RVA-04-004,P3,'Create pre-visit brief' silently does nothing while a Gemini summary is in flight (connected AI on),A: Native and domain,apps/ios/Reva/Features/Preparation/VisitDetailView.swift,76,"Turn on 'Use connected AI', save a document or symptom entry (AddRecordView.swift:277-279 / SymptomEntryEditorView.swift:136 start summarizeWithAI in the background, setting isProviderBusy), immediately open a visit and tap 'Create pre-visit brief'.",Add `|| store.isProviderBusy` to the button's .disabled and show the same 'Working with connected service…' label ReportView uses; or set `notice` in the busy branch of generatePreferredReport.,"While summarization is in flight, assert either that the brief action is disabled with clear busy context or that attempting it produces the chosen visible retry notice. After completion the action must generate a brief normally.",Independent focused commit in assigned owner's worktree; rebase before review.,"VisitDetailView.swift:68-76,165-171; AppStore+AI.swift:34-38 (silent `return false`); comparison ReportView.swift:76-79. Refutation attempt: checked whether perform()/notice is set on the busy branch (it is not) and whether any other UI disables the button on isProviderBusy (none). | Independent validation: VisitDetailView.swift:68-80,165-170; State/AppStore+AI.swift:34-36; AddRecordView.swift:277-279; ReportView.swift:76-79.",confirmed
18,RVA-04-006,P3,"Camera-scanned documents are saved as kind 'Notes', so the 'Scan' filter misses them; record kind is never user-editable",A: Native and domain,apps/ios/Reva/Features/Records/AddRecordView.swift,268,"On a physical iPhone, Add record > 'Scan a document', capture pages, review, Save to Records. Then in Records choose the 'Scan' filter.",Track intake origin in AddRecordView (a `scanned` flag set in the scanner onFinish path) and use it for the kind; add a kind Picker (Notes/Labs/Imaging/Procedure/Scan) to AddRecordView's review card and RecordEditorView.,Unit-level: a scanner-origin ImportedDocument saved through the intake path yields kind == 'Scan'; UI: after a camera scan the 'Scan' filter lists the record.,Independent focused commit in assigned owner's worktree; rebase before review.,"AddRecordView.swift:139-165,268; DocumentImportService.swift:288; RecordsView.swift:18-20 (filter list) and 22-28 (kind equality); RecordEditorView.swift:28-49; Models.swift:47-57. Refutation attempt: checked whether ImportedDocument carries a scan flag or whether AddRecordView tracks the scanner origin to set the kind (neither exists). | Independent validation: Device/DocumentScanner.swift:60; AddRecordView.swift:139-165,268; DocumentImportService.swift:287-289; RecordsView.swift:18-28.",confirmed
19,RVA-04-007,P3,"ReportView question numbers use accent (heart red) on petal for 12pt bold caption text: 4.45:1, below the theme's own AA guidance",A: Native and domain,apps/ios/Reva/Features/Preparation/ReportView.swift,55,Open any visit brief with questions.,Change the foregroundStyle on ReportView.swift:55 to RevaTheme.accentText.,Grep Features/** for `foregroundStyle(RevaTheme.accent)` combined with `.background(RevaTheme.soft` on Text and assert none; optional contrast script (ER-04-05).,Independent focused commit in assigned owner's worktree; rebase before review.,"ReportView.swift:53-58; Theme.swift:17-25; design/palette.json accent.contrast and accentText.contrast values (4.45 not listed, computed). Refutation attempt: checked whether the number is decorative (accessibilityHidden) — it is not; VoiceOver reads it as part of the row. | Independent validation: ReportView.swift:53-56; Theme.swift:13-25; exact sRGB ratio independently recalculated in validator report.",confirmed
20,RVA-04-008,P3,"Exported visit-brief PDF still uses the superseded teal (#0A5B6C) for title, headings and header instead of the heart palette",A: Native and domain,apps/ios/Reva/Device/ReportPDFRenderer.swift,208,ReportView > 'Share visit brief' on a fresh brief.,"Replace `teal` with UIColor(hex: 0x8C2F3B) (deepRed for print legibility) via the existing UIColor(hex:) initializer in Theme.swift:30-36, and rename the property.",Grep Device/** for 'teal' returns nothing; visual check of an exported PDF.,Independent focused commit in assigned owner's worktree; rebase before review.,"ReportPDFRenderer.swift:126,133,141,181,208-210; design/palette.json 'supersedes' note; Theme.swift:13-15 current values. Refutation attempt: searched for a palette import in the renderer (none; UIKit colors are literal). | Independent validation: Device/ReportPDFRenderer.swift:126,133,141,181,208-210; Theme.swift:13-25; current design contract.",confirmed
21,RVA-07-002,P3,Failed browser import saves leave unused attachment keys and retries allocate new keys,B: Browser and accessibility,apps/web/src/features/records/ImportDialog.tsx,125,"In an open import dialog, make the snapshot save fail after the original transaction succeeds, for example by allowing another tab to advance IndexedDB CAS. Click Save to Records again without reloading.","Publish the original and record in the existing aggregate IndexedDB transaction, or retain one staged original identity across retries and remove that staging write on abandoned/failed publication. Keep the original selected in the dialog after an error.","Use two repositories/tabs to induce stale CAS after import opens; fail and retry three times, assert no extra unreferenced attachment keys appear and the preexisting snapshot remains unchanged. Then refresh/retry successfully and assert exactly one new record references one unchanged original.",Independent focused commit in assigned owner's worktree; rebase before review.,"ImportDialog.tsx:124-147 creates filename and persists original before saveRecord; 152-157 has error handling but no cleanup. repository.ts:177-185 commits attachments in a standalone transaction. core/store.ts:203-204 delegates record saving to a separate snapshot edit. No runtime storage/quota measurement claimed. | Independent validation: Frozen apps/web/src/features/records/ImportDialog.tsx:125-147,152-159; apps/web/src/core/repository.ts:177-185; apps/web/src/core/store.ts:203-204. Trigger: original save succeeds, record publication fails after another tab advances CAS, then retry in the same dialog. Impact: another unreachable original key per failed attempt.",confirmed
22,RVA-14-002,P3,Selected source text becomes dark text on a dark selection background,B: Browser and accessibility,apps/web/src/styles/tokens.css,117,"Select or keyboard-highlight a passage in a record, brief, or other selectable browser text.","Use the existing white surface/button-text token for selected text on the deep-red background, preserving the approved palette.",Select a source passage and inspect both rendered colors; verify readable selected foreground/background and unchanged regular text in supported browsers.,Independent focused commit in assigned owner's worktree; rebase before review.,"Exact source: apps/web/src/styles/tokens.css:12,17,117-119. Codex continuation computed luminance directly from these constants using the sRGB linearization formula; this is arithmetic evidence, not a runtime screenshot or assistive-technology test. Coordinator was asked for selection-style confirmation. | Independent validation: styles/tokens.css:12,17,117-119; arithmetic in18-validator.md.",confirmed
23,RVA-16-002,P3,Clean browser typecheck and tests depend on generated assets without preparing them,C: Server and release integration,apps/web/package.json,16,"After a clean npm ci, run npm run typecheck or npm test before npm run assets/dev/build, including the browser integration checklist order in docs/team-workflow.md.","Have typecheck/test prepare their required fixtures, or import checked-in native fixture sources through a deliberate test fixture boundary. Update the clean integration command sequence so it cannot skip required generation.","In a clean isolated checkout with public/demo absent, npm ci followed by the documented typecheck/test sequence succeeds; production build still includes byte-identical fictional originals and local OCR assets.",C owns deployment/build contract. Review against a completed account checkpoint before hosting verification; do not sweep concurrent WIP into this repair.,"Reproduced by runner: evidence/r1-06-typecheck.log (TS2307 and dependent errors), evidence/r1-07-vitest.log (5 failed files, 2 passed), then r1-06b-typecheck-after-assets.log and r1-07b-vitest-after-assets.log (77 passed). Source: package.json:10-17; src/core/__tests__/fixtures.ts:5; src/core/__tests__/domain.test.ts:6; .gitignore generated public/demo exclusion. No Codex rerun is claimed. | Independent validation: evidence/r1-06-typecheck.log exit1; r1-07-vitest.log5failedfiles; r1-06b-typecheck-after-assets.log exit0; r1-07b-vitest-after-assets.log77passed; package.json:10-17.",confirmed
